"age_calBP";"Age [ka b2k]";"T_GDGT_MAF"
-3.8;0.0462;8.62
92.8;0.1428;8.08
125;0.175;8.19
189.4;0.2394;8.41
253.8;0.3038;9
318.2;0.3682;8.88
414.8;0.4648;7.92
511.4;0.5614;8.42
575.8;0.6258;8.56
636.4;0.6864;11.46
650.6;0.7006;11.3
679;0.729;10.68
693.2;0.7432;11.36
932.5;0.9825;11.11
1686.4;1.7364;10.34
2408.6;2.4586;11.65
3027.7;3.0777;11.04
3234.1;3.2841;11.1
3750;3.8;13.17
4221.4;4.2714;12.27
4850;4.9;10.68
5478.6;5.5286;12.87
5792.9;5.8429;13.66
6544.6;6.5946;12.09
7337.4;7.3874;12.65
8130.2;8.1802;12.13
8447.4;8.4974;13.21
8855.7;8.9057;14.21
9314.3;9.3643;13.3
9467.1;9.5171;13.54
9620;9.67;11.84
9925.7;9.9757;10.62
10231.4;10.2814;11.14
10384.3;10.4343;10.31
10690;10.74;10.77
11332;11.382;8.11
12181.5;12.2315;7.92
12710;12.76;8.43
12907.3;12.9573;10.27
13054.5;13.1045;10.13
13199.8;13.2498;9.31
13296.7;13.3467;8.26
13800;13.85;11.16
14037.18;14.08718;10.82
14155.77;14.20577;10.06
14267.3;14.3173;9.94
14565.4;14.6154;9.21
14777.1;14.8271;7.63
15147.6;15.1976;6.41
15414;15.464;8.05
15500.9;15.5509;7.57
16072.8;16.1228;7.55
16644.8;16.6948;6.42
16930.7;16.9807;5.79
17502.6;17.5526;7.24
17788.6;17.8386;7.28
18360.5;18.4105;6.5
18932.5;18.9825;7.65
19218.4;19.2684;7.49
19790.4;19.8404;6.22
20076.3;20.1263;7.15
20648.3;20.6983;7.41
21220.2;21.2702;6.52
21792.1;21.8421;7.48
22364;22.414;9.3
22650;22.7;10.64
23377.3;23.4273;6.77
23522.7;23.5727;4.69
23668.2;23.7182;6.45
23813.6;23.8636;6.32
24104.5;24.1545;6.48
24250;24.3;6.44
24395.5;24.4455;5.96
24540.9;24.5909;6.23
24803.5;24.8535;6.59
25095.5;25.1455;6.27
25387.4;25.4374;6.45
25679.4;25.7294;6.36
25971.3;26.0213;6.05
26263.2;26.3132;6.37
26427.6;26.4776;6.22
26617.9;26.6679;5.56
26665.4;26.7154;5.89
26776.4;26.8264;6.21
26887.4;26.9374;5.97
26998.4;27.0484;5.44
27141.1;27.1911;6.38
27220.4;27.2704;5.97
27299.7;27.3497;6.21
27379;27.429;6.36
27458.3;27.5083;6.09
27524.3;27.5743;6.42
27592.9;27.6429;6.25
27753.3;27.8033;6.42
27870;27.92;6.31
27986.7;28.0367;6.33
28026;28.076;5.72
28046;28.096;NA
28125;28.175;7.16
28217.5;28.2675;7.29
28305;28.355;6.64
28392.5;28.4425;6.44
28480;28.53;6.78
28625;28.675;6.34
28700;28.75;6.2
28850;28.9;6.81
28890.6;28.9406;6.61
28992;29.042;6.78
29093.5;29.1435;7.05
29194.9;29.2449;7.68
29296.4;29.3464;8.22
29397.8;29.4478;7.7
29499.3;29.5493;7.42
29600.7;29.6507;8.13
29702.2;29.7522;7.42
29803.6;29.8536;7.59
29905.1;29.9551;7.64
30108;30.158;7.37
30209.4;30.2594;8.08
30404.2;30.4542;6.95
30514.3;30.5643;7.26
30734.6;30.7846;7
30954.8;31.0048;6.33
31175.1;31.2251;7.01
31285.2;31.3352;6.9
31395.3;31.4453;6.85
31615.6;31.6656;6.74
31835.8;31.8858;6.45
32187.1;32.2371;6.13
32318.6;32.3686;6.3
32384.3;32.4343;6.91
32503.8;32.5538;6.62
32665;32.715;6.12
32772.5;32.8225;6.28
33041.3;33.0913;5.87
33310;33.36;6.66
33405;33.455;6.53
33731.7;33.7817;6.11
33940;33.99;6.41
34148.3;34.1983;6.37
34356.7;34.4067;3.81
34460.8;34.5108;5.73
34986;35.036;6.47
35356;35.406;6.52
35540;35.59;6.61
35705;35.755;6.34
35815;35.865;6.5
35980;36.03;5.98
36145;36.195;6.37
36310;36.36;6.67
36420;36.47;6.5
36530;36.58;7.22
36828.2;36.8782;7.32
37126.4;37.1764;7.97
37424.5;37.4745;8.11
37722.7;37.7727;8.87
38020.9;38.0709;7.4
38234.6;38.2846;8.79
38363.8;38.4138;6.94
38493.1;38.5431;7.09
38686.9;38.7369;6.57
38880.8;38.9308;7
39074.6;39.1246;6.8
39268.5;39.3185;6.59
39462.3;39.5123;6.63
39591.5;39.6415;5.37
39720.8;39.7708;5.86
39785.4;39.8354;6.82
39850;39.9;5.48
39890;39.94;5.83
39910;39.96;6.79
39930;39.98;5.71
39970;40.02;6.03
40010;40.06;6.43
40050;40.1;5.96
40090;40.14;7.92
40152;40.202;5.67
40236;40.286;5.99
40363;40.413;6
40449;40.499;6.39
40578;40.628;6.88
40621;40.671;6.38
40707;40.757;6.28
40750;40.8;6.26
40950;41;6.48
41026.7;41.0767;5.75
41180;41.23;6.08
41256.7;41.3067;6.65
41333.3;41.3833;7.64
41410;41.46;7.36
41434.5;41.4845;7.25
41459.1;41.5091;7.5
41508.2;41.5582;6.11
41532.7;41.5827;5.92
41581.8;41.6318;5.68
41630.9;41.6809;6.09
41680;41.73;5.74
41729.1;41.7791;5.84
41778.2;41.8282;5.89
41827.3;41.8773;7.43
41876.4;41.9264;5.74
41925.5;41.9755;5.98
41990;42.04;6.26
42070;42.12;5.82
42150;42.2;5.69
42300;42.35;5.79
42520;42.57;6.37
42630;42.68;6.26
42740;42.79;5.68
42850;42.9;NA
42960;43.01;NA
42960;43.01;NA
43070;43.12;7.75
43180;43.23;8.36
43290;43.34;7.87
43450;43.5;8.03
43708.5;43.7585;7.46
43966.9;44.0169;6.81
44225.4;44.2754;7.1
44483.8;44.5338;7.16
44742.3;44.7923;7.37
45259.2;45.3092;8.13
45517.7;45.5677;6.72
45776.2;45.8262;6.92
46034.6;46.0846;7.11
46293.1;46.3431;6.98
46810;46.86;7.46
46824.5;46.8745;7.29
46839.1;46.8891;7.14
46853.6;46.9036;6.69
46897.3;46.9473;7.29
46926.4;46.9764;6.62
46955.5;47.0055;7.53
46999.1;47.0491;6.26
47042.7;47.0927;6.78
47071.8;47.1218;7.62
47100.9;47.1509;7.37
47144.5;47.1945;7.27
47188.2;47.2382;8.13
47217.3;47.2673;7.39
47246.4;47.2964;7.89
47290;47.34;NA
47337.6;47.3876;8.1
47385.2;47.4352;7.94
47432.9;47.4829;8.74
47480.5;47.5305;8.43
47528.1;47.5781;8.36
47575.7;47.6257;8.55
47623.3;47.6733;8.49
47671;47.721;8.44
47718.6;47.7686;8
47766.2;47.8162;8.36
47813.8;47.8638;NA
47861.4;47.9114;8.54
47909;47.959;8.19
47956.7;48.0067;8.48
48004.3;48.0543;7.78
48083.7;48.1337;9.35
48163;48.213;9.08
48242.4;48.2924;10.34
48388.9;48.4389;8.43
48636.3;48.6863;7.5
48685.8;48.7358;8.28
48735.3;48.7853;8.34
48784.7;48.8347;8.23
48834.2;48.8842;7.9
48883.7;48.9337;8.2
48933.2;48.9832;7.95
48982.6;49.0326;8.04
49032.1;49.0821;6.98
49081.6;49.1316;7.8
49131.1;49.1811;8.83
49350;49.4;7.86
49550;49.6;6.81
49895.5;49.9455;7.68
50240.9;50.2909;8.47
50413.6;50.4636;9.68
50586.4;50.6364;9.3
50931.8;50.9818;9.07
51277.3;51.3273;9.09
51450;51.5;8.19
51530;51.58;8.67
51760.6;51.8106;9.07
51911.2;51.9612;9.62
52061.8;52.1118;9.34
52362.9;52.4129;8.87
52664.1;52.7141;9.18
52965.3;53.0153;9.03
53266.5;53.3165;9.8
53417.1;53.4671;7.87
53868.8;53.9188;8.27
54019.4;54.0694;8.26
54170;54.22;8.19
54850;54.9;7.92
55407.1;55.4571;7.87
55464.3;55.5143;9.67
55578.6;55.6286;8.16
55607.1;55.6571;7.92
55692.9;55.7429;8.25
55750;55.8;7.5
55771.9;55.8219;NA
55771.9;55.8219;NA
55771.9;55.8219;NA
55793.8;55.8438;7.79
55837.5;55.8875;7.43
55881.3;55.9313;7.54
55925;55.975;7.32
55946.9;55.9969;NA
55946.9;55.9969;7.45
55946.9;55.9969;8.56
55968.8;56.0188;8.38
55990.6;56.0406;8.72
56034.4;56.0844;8.6
56100;56.15;8.35
56143.8;56.1938;8.9
56165.6;56.2156;9.41
56209.4;56.2594;8.24
56253.1;56.3031;8.54
56296.9;56.3469;8.78
56340.6;56.3906;8.51
56428.1;56.4781;8.25
56478.6;56.5286;7.46
56564.3;56.6143;7.53
56985;57.035;7.66
57487.5;57.5375;8.15
57822.5;57.8725;9.36
58290;58.34;7.92
